[
  {
    "id": "27b50d76-e4e8-4114-84eb-0a62e4cf1048",
    "data": [
      {
        "text": "about ",
        "userDefined": false
      },
      {
        "text": "mechanical",
        "alias": "department-name",
        "meta": "@department-name",
        "userDefined": false
      }
    ],
    "isTemplate": false,
    "count": 0,
    "updated": 1551279818
  },
  {
    "id": "e756882b-ade4-49c5-ad71-aa8e2279de86",
    "data": [
      {
        "text": "give me details of ",
        "userDefined": false
      },
      {
        "text": "electrical",
        "alias": "department-name",
        "meta": "@department-name",
        "userDefined": true
      },
      {
        "text": " department",
        "userDefined": false
      }
    ],
    "isTemplate": false,
    "count": 0,
    "updated": 1551262333
  },
  {
    "id": "c40cf229-1543-460d-b423-252dd38707ea",
    "data": [
      {
        "text": "please tell me about department",
        "userDefined": false
      }
    ],
    "isTemplate": false,
    "count": 0,
    "updated": 1551262333
  },
  {
    "id": "9bd26fe3-9bcc-48bb-b191-98904271be16",
    "data": [
      {
        "text": "please brief about ",
        "userDefined": false
      },
      {
        "text": "computer",
        "alias": "department-name",
        "meta": "@department-name",
        "userDefined": true
      },
      {
        "text": " department",
        "userDefined": false
      }
    ],
    "isTemplate": false,
    "count": 0,
    "updated": 1551260688
  },
  {
    "id": "1b1a8d91-50fe-4c27-b058-3b06325559f9",
    "data": [
      {
        "text": "I want to know about ",
        "userDefined": false
      },
      {
        "text": "it",
        "alias": "department-name",
        "meta": "@department-name",
        "userDefined": true
      },
      {
        "text": " ",
        "userDefined": false
      },
      {
        "text": "department",
        "meta": "@sys.ignore",
        "userDefined": true
      }
    ],
    "isTemplate": false,
    "count": 0,
    "updated": 1551260688
  },
  {
    "id": "dc9c9f05-8b60-49f3-afe9-5ec48e1bb974",
    "data": [
      {
        "text": "tell me about ",
        "userDefined": false
      },
      {
        "text": "civil",
        "alias": "department-name",
        "meta": "@department-name",
        "userDefined": true
      }
    ],
    "isTemplate": false,
    "count": 0,
    "updated": 1551260566
  }
]