[
  {
    "id": "59556c38-489f-4063-bea7-433937ff6332",
    "data": [
      {
        "text": "give me a list of departments",
        "userDefined": false
      }
    ],
    "isTemplate": false,
    "count": 0,
    "updated": 1551288265
  },
  {
    "id": "5bc61a33-9c8d-4dc8-b9ee-b18d7bd4ede3",
    "data": [
      {
        "text": "list of departments",
        "userDefined": false
      }
    ],
    "isTemplate": false,
    "count": 0,
    "updated": 1551288265
  },
  {
    "id": "2741f543-baaf-4df9-a748-cd4bd3b0c516",
    "data": [
      {
        "text": "which departments are there in this institute?",
        "userDefined": false
      }
    ],
    "isTemplate": false,
    "count": 0,
    "updated": 1551288265
  }
]