[
  {
    "id": "3db6ff6f-0900-4817-9c6c-87081fc59e78",
    "data": [
      {
        "text": "let\u0027s talk after some time",
        "userDefined": false
      }
    ],
    "isTemplate": false,
    "count": 0,
    "updated": 1551270252
  },
  {
    "id": "0588d170-2494-4291-9f15-d1869744d35f",
    "data": [
      {
        "text": "I want to quit",
        "userDefined": false
      }
    ],
    "isTemplate": false,
    "count": 0,
    "updated": 1551270252
  },
  {
    "id": "0d8a6917-8eff-449d-ad36-34edf0b0b495",
    "data": [
      {
        "text": "bye bye",
        "userDefined": false
      }
    ],
    "isTemplate": false,
    "count": 0,
    "updated": 1551270252
  },
  {
    "id": "90ae4553-81bd-41f6-8237-105108cb2c75",
    "data": [
      {
        "text": "bye",
        "userDefined": false
      }
    ],
    "isTemplate": false,
    "count": 0,
    "updated": 1551270252
  },
  {
    "id": "1330a8c1-3106-481b-8cf5-3b44d3f469a0",
    "data": [
      {
        "text": "talk to you later",
        "userDefined": false
      }
    ],
    "isTemplate": false,
    "count": 0,
    "updated": 1551270252
  }
]