[
  {
    "value": "civil",
    "synonyms": [
      "civil",
      "civli department",
      "civil departments"
    ]
  },
  {
    "value": "computer",
    "synonyms": [
      "computer",
      "computer department"
    ]
  },
  {
    "value": "electrical",
    "synonyms": [
      "electrical",
      "electrical department"
    ]
  },
  {
    "value": "information technology",
    "synonyms": [
      "it",
      "information technology",
      "it department"
    ]
  },
  {
    "value": "mechanical",
    "synonyms": [
      "mechanical",
      "mechanical department"
    ]
  }
]