[
  {
    "id": "cf9d8ed2-e063-40d0-9653-8437e74f9612",
    "data": [
      {
        "text": "brief about Institute",
        "userDefined": false
      }
    ],
    "isTemplate": false,
    "count": 0,
    "updated": 1551259432
  },
  {
    "id": "a64daf07-03e4-4a47-b7da-1f5e8f86d29a",
    "data": [
      {
        "text": "I want to know about LDRP college",
        "userDefined": false
      }
    ],
    "isTemplate": false,
    "count": 0,
    "updated": 1551259432
  },
  {
    "id": "b24e9cee-6fdc-4b1a-87cf-6476fc68b9c7",
    "data": [
      {
        "text": "tell me brief about LDRP",
        "userDefined": false
      }
    ],
    "isTemplate": false,
    "count": 0,
    "updated": 1551259432
  }
]